Nome Esercizio,Variante,URL YouTube,F/A,Movement Pattern,Bicipiti,Core,Deltoidi Anteriori,Deltoidi Posteriori,Deltoidi Laterali,Femorali,Glutei,Pettorali,Polpacci,Quadricipiti,Trapezi,Tricipiti,Erettori,Adduttori,
Squat Low Bar,"Discesa 5""; Discesa 3"" Salita 3"";  Fermo 1"" in buca;  Fermo 3"" in buca; Doppio fermo 2""; Salita 3""; Caos 30%; Caos 50%; Caos 50%; Deloading ; Overloading; Pin; Beltless; Full Raw; Catene; ",https://www.youtube.com/watch?v=1E4VBdqzSWQ&list=PL2OC9xrmbse-LqDvZBuPkZhWDqN4y8I-w&index=37,F,Accosciata,,0.3,,,,,1,,,1,,,0.6,0.5,
Squat High Bar,"Discesa 5""; Discesa 3"" Salita 3"";  Fermo 1"" in buca;  Fermo 3"" in buca; Doppio fermo 2""; Salita 3""; Caos 30%; Caos 50%; Caos 50%; Deloading ; Overloading; Pin; Beltless; Full Raw; Catene; ",https://www.youtube.com/watch?v=Z4PA3dij-no&list=PL2OC9xrmbse-LqDvZBuPkZhWDqN4y8I-w&index=36,F,Accosciata,,0.3,,,,,1,,,1,,,0.6,0.5,
Squat Safety Bar,"Discesa 5""; Discesa 3"" Salita 3"";  Fermo 1"" in buca;  Fermo 3"" in buca; Doppio fermo 2""; Salita 3""; Caos 30%; Caos 50%; Caos 50%; Deloading ; Overloading; Pin; Beltless; Full Raw; Catene; ",https://www.youtube.com/watch?v=vh4VrdbM120&list=PL2OC9xrmbse-LqDvZBuPkZhWDqN4y8I-w&index=40,F,Accosciata,,0.3,,,,,1,,,1,,,0.6,0.5,
Squat Westside Style,"Discesa 5""; Discesa 3"" Salita 3"";  Fermo 1"" in buca;  Fermo 3"" in buca; Doppio fermo 2""; Salita 3""; Caos 30%; Caos 50%; Caos 50%; Deloading ; Overloading; Pin; Beltless; Full Raw; Catene; ",,F,Accosciata,,0.3,,,,,1,,,1,,,0.6,0.5,
Front Squat,"Discesa 5""; Discesa 3"" Salita 3"";  Fermo 1"" in buca;  Fermo 3"" in buca; Doppio fermo 2""; Salita 3""; Caos 30%; Caos 50%; Caos 50%; Deloading ; Overloading; Pin; Beltless; Full Raw; Catene; ",https://www.youtube.com/watch?v=AiYlBveYG6U&list=PL2OC9xrmbse-LqDvZBuPkZhWDqN4y8I-w&index=20,F,Accosciata,,0.3,,,,,1,,,1,,,0.6,0.5,
Zercher Squat,"Discesa 5""; Discesa 3"" Salita 3"";  Fermo 1"" in buca;  Fermo 3"" in buca; Doppio fermo 2""; Salita 3""; Caos 30%; Caos 50%; Caos 50%; Deloading ; Overloading; Pin; Beltless; Full Raw; Catene; ",https://www.youtube.com/watch?v=lsfVJswEMsM&list=PL2OC9xrmbse-LqDvZBuPkZhWDqN4y8I-w&index=42,F,Accosciata,,0.3,,,,,1,,,1,,,0.6,0.5,
Squat Cambered Bar H,"Discesa 5""; Discesa 3"" Salita 3"";  Fermo 1"" in buca;  Fermo 3"" in buca; Doppio fermo 2""; Salita 3""; Caos 30%; Caos 50%; Caos 50%; Deloading ; Overloading; Pin; Beltless; Full Raw; Catene; ",,F,Accosciata,,0.3,,,,,1,,,1,,,0.6,0.5,
Squat cambered Bar L,"Discesa 5""; Discesa 3"" Salita 3"";  Fermo 1"" in buca;  Fermo 3"" in buca; Doppio fermo 2""; Salita 3""; Caos 30%; Caos 50%; Caos 50%; Deloading ; Overloading; Pin; Beltless; Full Raw; Catene; ",,F,Accosciata,,0.3,,,,,1,,,1,,,0.6,0.5,
Squat Bow Bar,"Discesa 5""; Discesa 3"" Salita 3"";  Fermo 1"" in buca;  Fermo 3"" in buca; Doppio fermo 2""; Salita 3""; Caos 30%; Caos 50%; Caos 50%; Deloading ; Overloading; Pin; Beltless; Full Raw; Catene; ",,F,Accosciata,,0.3,,,,,1,,,1,,,0.6,0.5,
Squat High Bar Box,"Discesa 5""; Discesa 3"" Salita 3"";  Fermo 1"" in buca;  Fermo 3"" in buca; Doppio fermo 2""; Salita 3""; Caos 30%; Caos 50%; Caos 50%; Deloading ; Overloading; Pin; Beltless; Full Raw; Catene; ",,F,Accosciata,,0.3,,,,,1,,,1,,,0.6,0.5,
Squat Low Bar Box,"Discesa 5""; Discesa 3"" Salita 3"";  Fermo 1"" in buca;  Fermo 3"" in buca; Doppio fermo 2""; Salita 3""; Caos 30%; Caos 50%; Caos 50%; Deloading ; Overloading; Pin; Beltless; Full Raw; Catene; ",,F,Accosciata,,0.3,,,,,1,,,1,,,0.6,0.5,
Goblet  Squat,Tallone rialzato; Tutto il piede rialzato; ,,A,Accosciata,,0.3,,,,,1,,,1,,,0.6,0.5,
Belt Squat,"Discesa 5""; Discesa 3"" Salita 3"";  Fermo 1"" in buca;  Fermo 3"" in buca; Doppio fermo 2""; Salita 3""; Caos 30%; Caos 50%; Caos 50%; Deloading ; Overloading; Pin; Beltless; Full Raw; Catene; ",https://www.youtube.com/watch?v=frs5nQ4TRJQ&list=PL2OC9xrmbse-LqDvZBuPkZhWDqN4y8I-w&index=45,A,Accosciata,,0.3,,,,,1,,,1,,,0.6,0.5,
Pendulum Squat,"Discesa 5""; Discesa 3"" Salita 3"";  Fermo 1"" in buca;  Fermo 3"" in buca; Doppio fermo 2""; Salita 3""; Caos 30%; Caos 50%; Caos 50%; Deloading ; Overloading; Pin; Beltless; Full Raw; Catene; ",https://www.youtube.com/watch?v=TB2R-Zgtp4k&list=PL2OC9xrmbse-YqQ6nxQ1meEaE7YIk6uZD&index=28,A,Accosciata,,0,,,,,0.5,,,1,,,,0.5,
Squat Multipower,"Discesa 5""; Discesa 3"" Salita 3"";  Fermo 1"" in buca;  Fermo 3"" in buca; Doppio fermo 2""; Salita 3""; Caos 30%; Caos 50%; Caos 50%; Deloading ; Overloading; Pin; Beltless; Full Raw; Catene; ",,A,Accosciata,,0.3,,,,,1,,,1,,,0.6,0.5,
Affondi multipower,"Discesa 5""; Discesa 3"" Salita 3"";  Fermo 1"" in buca;  Fermo 3"" in buca; Doppio fermo 2""; Salita 3""; Caos 30%; Caos 50%; Caos 50%; Deloading ; Overloading; Pin; Beltless; Full Raw; Catene; ",https://www.youtube.com/watch?v=HPREVg8KFsE&list=PL2OC9xrmbse-YqQ6nxQ1meEaE7YIk6uZD&index=53,A,Accosciata,,0.3,,,,,1,,,1,,,,0.5,
Affondi sul posto,"1  manubrio controlaterale; 1 manubrio omolaterale ; in appoggio; 2 manubri ; discesa lenta; fermo1"" in basso; Multipower; Multipower pin; Al belt squat; ",,A,Accosciata,,0.3,,,,,1,,,1,,,,0.5,
Affondi dietro,"1  manubrio controlaterale; 1 manubrio omolaterale ; in appoggio; 2 manubri ; discesa lenta; fermo1"" in basso; Multipower; Multipower pin; Al belt squat; ",https://www.youtube.com/watch?v=HPREVg8KFsE&list=PL2OC9xrmbse-YqQ6nxQ1meEaE7YIk6uZD&index=53,A,Accosciata,,0.3,,,,,1,,,1,,,,0.5,
Affondi camminati,"1  manubrio controlaterale; 1 manubrio omolaterale ; in appoggio; 2 manubri ; discesa lenta; fermo1"" in basso; Multipower; Multipower pin; Al belt squat; ",,A,Accosciata,,0.3,,,,,1,,,1,,,,0.5,
Squat Bulgaro,"1  manubrio controlaterale; 1 manubrio omolaterale ; in appoggio; 2 manubri ; discesa lenta; fermo1"" in basso; Multipower; Multipower pin; Al belt squat; ",https://www.youtube.com/watch?v=FTBEwy-4QEg&list=PL2OC9xrmbse-YqQ6nxQ1meEaE7YIk6uZD&index=50,A,Accosciata,,0.3,,,,,1,,,1,,,,0.5,
Squat Bulgaro Safety Bar,"1  manubrio controlaterale; 1 manubrio omolaterale ; in appoggio; 2 manubri ; discesa lenta; fermo1"" in basso; Multipower; Multipower pin; Al belt squat; ",https://www.youtube.com/watch?v=FTBEwy-4QEg&list=PL2OC9xrmbse-YqQ6nxQ1meEaE7YIk6uZD&index=50,A,Accosciata,,0.3,,,,,1,,,1,,,,0.5,
Affondo Safety bar,"1  manubrio controlaterale; 1 manubrio omolaterale ; in appoggio; 2 manubri ; discesa lenta; fermo1"" in basso; Multipower; Multipower pin; Al belt squat; ",,A,Accosciata,,0.3,,,,,1,,,1,,,,0.5,
Leg press ,"discesa 3""; fermo 1"" in basso; salita esplosiva; piede alto focus gluteo; piedi in basso; piedi centrali;",https://www.youtube.com/watch?v=KkiE6kzL9Ak&list=PL2OC9xrmbse-YqQ6nxQ1meEaE7YIk6uZD&index=29,A,Accosciata,,,,,,,0.5,,,1,,,,0.5,
Leg press monolaterale,"discesa 3""; fermo 1"" in basso; salita esplosiva; piede alto focus gluteo; piedi in basso; piedi centrali;",,A,Accosciata,,,,,,,0.5,,,1,,,,0.5,
Hack Squat ,"discesa 3""; fermo 1"" in basso; salita esplosiva; piede alto focus gluteo; piedi in basso; piedi centrali; Deloading; Overloading",,A,Accosciata,,,,,,,,,,1,,,,,
Leg extension ,"fermo 1"" in alto; discesa 3"";",https://www.youtube.com/watch?v=A1YytJHCQqc&list=PL2OC9xrmbse-YqQ6nxQ1meEaE7YIk6uZD&index=39,A,Accosciata,,,,,,,,,,1,,,,,
Sissi Squat ,,,A,Accosciata,,,,,,,,,,1,,,,,
Copenaghen Plank,isometria; full; ginocchio flesso,,A,Accosciata,,1,,,,,,,,,,,,1,
Adductor Machine,"apri in 3""; 2"" in max stretch;",https://www.youtube.com/watch?v=WHBJQ7ax05U&list=PL2OC9xrmbse-YqQ6nxQ1meEaE7YIk6uZD&index=42,A,Accosciata,,,,,,,,,,,,,,1,
Leg extension Monolaterale,"fermo 1"" in alto; discesa 3"";",,A,Accosciata,,,,,,,,,,1,,,,,
Stacco Regular ,"salita lenta 5""; salita 4"" al ginocchio e chiudi; fermo 2"" ad 1cm da terra; doppio fermo 2"" appena staccato e 2"" al ginocchio; fermo 2""al ginocchio; discesa 5""; deficit 5cm; deficit 8cm; Overloading; Delaoding; Beltless; No fascette",https://www.youtube.com/watch?v=Mlv6rc7ARXA&list=PL2OC9xrmbse-LqDvZBuPkZhWDqN4y8I-w&index=53,F,Hip Hinge,,0.5,,,,0.8,0.8,,,0.5,,,1,0.5,
Stacco Regular Quadra Bar,"salita lenta 5""; salita 4"" al ginocchio e chiudi; fermo 2"" ad 1cm da terra; doppio fermo 2"" appena staccato e 2"" al ginocchio; fermo 2""al ginocchio; discesa 5""; deficit 5cm; deficit 8cm; Overloading; Delaoding; Beltless; No fascette",https://www.youtube.com/watch?v=c6-J6z_Hpfc&list=PL2OC9xrmbse-LqDvZBuPkZhWDqN4y8I-w&index=32,F,Hip Hinge,,0.5,,,,0.8,0.8,,,0.5,,,1,0.5,
Stacco Sumo,"salita lenta 5""; salita 4"" al ginocchio e chiudi; fermo 2"" ad 1cm da terra; doppio fermo 2"" appena staccato e 2"" al ginocchio; fermo 2""al ginocchio; discesa 5""; deficit 5cm; deficit 8cm; Overloading; Delaoding; Beltless; No fascette",https://www.youtube.com/watch?v=HQJ6XoMxuPk&list=PL2OC9xrmbse-LqDvZBuPkZhWDqN4y8I-w&index=31,F,Hip Hinge,,0.5,,,,0.5,0.5,,,0.8,,,0.8,1,
Stacco Semi-Sumo,"salita lenta 5""; salita 4"" al ginocchio e chiudi; fermo 2"" ad 1cm da terra; doppio fermo 2"" appena staccato e 2"" al ginocchio; fermo 2""al ginocchio; discesa 5""; deficit 5cm; deficit 8cm; Overloading; Delaoding; Beltless; No fascette",,F,Hip Hinge,,0.5,,,,0.5,0.5,,,0.8,,,0.8,1,
Stacco Rumeno,"discesa 3""; fermo 1"" in basso; deficit; overlaoding; delaoding; dai blocchi con deadstop",https://www.youtube.com/watch?v=Ni8-nEC3ucg&list=PL2OC9xrmbse-LqDvZBuPkZhWDqN4y8I-w&index=2,A,Hip Hinge,,0.5,,,,1,1,,,,,,1,0.5,
Stacco Gambe Semitese,"discesa 3""; fermo 1"" in basso; deficit; overlaoding; delaoding; dai blocchi con deadstop",https://www.youtube.com/watch?v=lAKAAITyfkY&list=PL2OC9xrmbse-LqDvZBuPkZhWDqN4y8I-w&index=1,A,Hip Hinge,,0.5,,,,1,1,,,,,,1,0.5,
Stacco Regular Blocchi Bassi,"salita lenta 5""; salita 4"" al ginocchio e chiudi; fermo 2"" ad 1cm da terra; doppio fermo 2"" appena staccato e 2"" al ginocchio; fermo 2""al ginocchio; discesa 5""; deficit 5cm; deficit 8cm; Overloading; Delaoding; Beltless; No fascette",,F,Hip Hinge,,0.5,,,,0.8,0.8,,,0.5,,,1,0.5,
Stacco Regular Blocchi Alti,"salita lenta 5""; salita 4"" al ginocchio e chiudi; fermo 2"" ad 1cm da terra; doppio fermo 2"" appena staccato e 2"" al ginocchio; fermo 2""al ginocchio; discesa 5""; deficit 5cm; deficit 8cm; Overloading; Delaoding; Beltless; No fascette",,F,Hip Hinge,,0.5,,,,0.8,0.8,,,0.5,,,1,0.5,
Stacco Rumeno B-stance Ktb,"discesa 3""; fermo 1"" in basso; deficit; overlaoding; delaoding; dai blocchi con deadstop",https://www.youtube.com/watch?v=XaG2Vi6bAWE&list=PL2OC9xrmbse-LqDvZBuPkZhWDqN4y8I-w&index=48,A,Hip Hinge,,0.5,,,,1,1,,,,,,1,0.5,
Stacco Rumeno B-stance manubri,"discesa 3""; fermo 1"" in basso; deficit; overlaoding; delaoding; dai blocchi con deadstop",https://www.youtube.com/watch?v=ToxsxlID254&list=PL2OC9xrmbse-LqDvZBuPkZhWDqN4y8I-w&index=49,A,Hip Hinge,,0.5,,,,1,1,,,,,,1,0.5,
Stacco Rumeno Mono su panca,"discesa 3""; fermo 1"" in basso; deficit; overlaoding; delaoding; dai blocchi con deadstop",https://www.youtube.com/watch?v=rqaA9FNSatE&list=PL2OC9xrmbse-LqDvZBuPkZhWDqN4y8I-w&index=50,A,Hip Hinge,,0.5,,,,1,1,,,,,,1,0.5,
Stacco Rumeno B-stance quadra bar,"discesa 3""; fermo 1"" in basso; deficit; overlaoding; delaoding; dai blocchi con deadstop",https://www.youtube.com/watch?v=XiVCq9HfdL4&list=PL2OC9xrmbse-LqDvZBuPkZhWDqN4y8I-w&index=51,A,Hip Hinge,,0.5,,,,1,1,,,,,,1,0.5,
Stacco Rumeno Ktb,"discesa 3""; fermo 1"" in basso; deficit; overlaoding; delaoding; dai blocchi con deadstop",https://www.youtube.com/watch?v=q3Il2RtulAc&list=PL2OC9xrmbse-LqDvZBuPkZhWDqN4y8I-w&index=7,A,Hip Hinge,,0.5,,,,1,1,,,,,,1,0.5,
Stacco Rumeno Manubri,"discesa 3""; fermo 1"" in basso; deficit; overlaoding; delaoding; dai blocchi con deadstop",https://www.youtube.com/watch?v=9v6Gj9xBLUc&list=PL2OC9xrmbse-YqQ6nxQ1meEaE7YIk6uZD&index=58,A,Hip Hinge,,0.5,,,,1,1,,,,,,1,0.5,
Stacco Rumeno Belt Squat,"discesa 3""; fermo 1"" in basso; deficit; overlaoding; delaoding; dai blocchi con deadstop",https://www.youtube.com/watch?v=Nnz-j85L-cg&list=PL2OC9xrmbse-YqQ6nxQ1meEaE7YIk6uZD&index=2,A,Hip Hinge,,0.5,,,,1,1,,,,,,1,0.5,
Stacco Rumeno Multipower,"discesa 3""; fermo 1"" in basso; deficit; overlaoding; delaoding; dai blocchi con deadstop",,A,Hip Hinge,,0.5,,,,1,1,,,,,,1,0.5,
Stacco Gambe Semite Manubri,"discesa 3""; fermo 1"" in basso; deficit; overlaoding; delaoding; dai blocchi con deadstop",,A,Hip Hinge,,0.5,,,,1,1,,,,,,1,0.5,
Stacco Gambe Semitese Multipower,"discesa 3""; fermo 1"" in basso; deficit; overlaoding; delaoding; dai blocchi con deadstop",,A,Hip Hinge,,0.5,,,,1,1,,,,,,1,0.5,
Pull Trough Cavo Alto,,,A,Hip Hinge,,0.5,,,,1,1,,,,,,1,0.5,
Leg Curl ,"fermo 2"" in basso; eccentrica 3""; 1""/1""/1""; 2""/2""/2""",https://www.youtube.com/watch?v=YjALIwiPW-M&list=PL2OC9xrmbse-YqQ6nxQ1meEaE7YIk6uZD&index=40,A,Hip Hinge,,,,,,1,,,,,,,,,
Leg Curl Monolaterale,"fermo 2"" in basso; eccentrica 3""; 1""/1""/1""; 2""/2""/2""",,A,Hip Hinge,,,,,,1,,,,,,,,,
Nordic Curl,"fermo 2"" in basso; eccentrica 3""; 1""/1""/1""; 2""/2""/2""",,A,Hip Hinge,,,,,,1,,,,,,,,,
Revers Hyper,controllata; oscillazione marcata;,,A,Hip Hinge,,,,,,1,0.8,,,,,,,,
Ipersestensioni Ghd ,"2"" in contrazione di picco; discesa 3"";",,A,Hip Hinge,,,,,,1,0.8,,,,,,,,
Good Morning High Bar,"discesa 3""; pin; deloading; overloading ; fermo 1"" in max stretch; focus femorale; focus gluteo",https://www.youtube.com/watch?v=UQZUy_x_U9M&list=PL2OC9xrmbse-LqDvZBuPkZhWDqN4y8I-w&index=52,A,Hip Hinge,,,,,,1,0.8,,,,,,1,,
Good Morning Safety Bar,"discesa 3""; pin; deloading; overloading ; fermo 1"" in max stretch; focus femorale; focus gluteo",,A,Hip Hinge,,,,,,1,0.8,,,,,,1,,
Ponte a terra con bilanciere,"1"" in contrazione di picco; 2"" in contrazione di picco; 3"" in contrazione di picco; esplosivo",,A,Hip Hinge,,,,,,,1,,,,,,,,
Hip Thrust Bilanciere,"1"" in contrazione di picco; 2"" in contrazione di picco; 3"" in contrazione di picco; esplosivo",https://www.youtube.com/watch?v=NmDkgFdT5l8&list=PL2OC9xrmbse-YqQ6nxQ1meEaE7YIk6uZD&index=45,A,Hip Hinge,,,,,,,1,,,,,,,,
Hip Thrust Multipower,"1"" in contrazione di picco; 2"" in contrazione di picco; 3"" in contrazione di picco; esplosivo",https://www.youtube.com/watch?v=lyJ0MNf95jg&list=PL2OC9xrmbse-YqQ6nxQ1meEaE7YIk6uZD&index=44,A,Hip Hinge,,,,,,,1,,,,,,,,
Hip Thrust Machine,"1"" in contrazione di picco; 2"" in contrazione di picco; 3"" in contrazione di picco; esplosivo",https://www.youtube.com/watch?v=lyJ0MNf95jg&list=PL2OC9xrmbse-YqQ6nxQ1meEaE7YIk6uZD&index=44,A,Hip Hinge,,,,,,,1,,,,,,,,
Ponte a terra con manubrio,"1"" in contrazione di picco; 2"" in contrazione di picco; 3"" in contrazione di picco; esplosivo",,A,Hip Hinge,,,,,,,1,,,,,,,,
Swing con kettlbell ,,,A,Hip Hinge,,,,,,0.8,1,,,,,,,,
Panca ,"fermo 1""; fermo 3""; fermo 5""; discesa 3""; discesa 5""; 3""/3""; 5""/5""; salita 3""; spoto pres; overaloding; deloading; caos 30%; full caos; pin; board 4cm; board alta; catene",https://www.youtube.com/watch?v=uMpwfacViL0&list=PL2OC9xrmbse-LqDvZBuPkZhWDqN4y8I-w&index=54,F,Spinta orizzontale,,,0.3,,,,,1,,,0.5,,,,
Panca Cambered Bar,"fermo 1""; fermo 3""; fermo 5""; discesa 3""; discesa 5""; 3""/3""; 5""/5""; salita 3""; spoto pres; overaloding; deloading; caos 30%; full caos; pin; board 4cm; board alta; catene",,F,Spinta orizzontale,,,0.3,,,,,1,,,0.5,,,,
Panca Bow Bar,"fermo 1""; fermo 3""; fermo 5""; discesa 3""; discesa 5""; 3""/3""; 5""/5""; salita 3""; spoto pres; overaloding; deloading; caos 30%; full caos; pin; board 4cm; board alta; catene",,F,Spinta orizzontale,,,0.3,,,,,1,,,0.5,,,,
Panca Presa Stretta,"fermo 1""; fermo 3""; fermo 5""; discesa 3""; discesa 5""; 3""/3""; 5""/5""; salita 3""; spoto pres; overaloding; deloading; caos 30%; full caos; pin; board 4cm; board alta; catene",https://www.youtube.com/watch?v=FTV-bD7gVkQ&list=PL2OC9xrmbse-LqDvZBuPkZhWDqN4y8I-w&index=24,F,Spinta orizzontale,,,0.3,,,,,1,,,0.5,,,,
Panca Board,"fermo 1""; fermo 3""; fermo 5""; discesa 3""; discesa 5""; 3""/3""; 5""/5""; salita 3""; spoto pres; overaloding; deloading; caos 30%; full caos; pin; board 4cm; board alta; catene",,F,Spinta orizzontale,,,0.3,,,,,1,,,0.5,,,,
Panca Manubri,"fermo 1"" in max stretch; discesa 3""; 3""/3""; focus respiro e rotazione omero; fermo 3"" in max stretch; ",https://www.youtube.com/watch?v=861u9F71m4g&list=PL2OC9xrmbse-YqQ6nxQ1meEaE7YIk6uZD&index=51,A,Spinta orizzontale,,,0.3,,,,,1,,,0.5,,,,
Croci Manubri,"fermo 1"" in max stretch; discesa 3""; 3""/3""; focus respiro e rotazione omero; fermo 3"" in max stretch; ",https://www.youtube.com/watch?v=TGsfbMxIyn8&list=PL2OC9xrmbse-YqQ6nxQ1meEaE7YIk6uZD&index=21,A,Spinta orizzontale,,,0.2,,,,,1,,,,,,,
Croci Manubri deadstop,"fermo 1"" in max stretch; discesa 3""; 3""/3""; focus respiro e rotazione omero; fermo 3"" in max stretch; ",https://www.youtube.com/watch?v=OEKU-W6S2-A&list=PL2OC9xrmbse-YqQ6nxQ1meEaE7YIk6uZD&index=18,A,Spinta orizzontale,,,0.2,,,,,1,,,,,,,
Panca inclinata Bilanciere,"fermo 1"" in max stretch; discesa 3""; 3""/3""; focus respiro e rotazione omero; fermo 3"" in max stretch; ",,A,Spinta orizzontale,,,0.5,,,,,1,,,0.5,,,,
Chest Press,"fermo 1"" in max stretch; discesa 3""; 3""/3""; focus respiro e rotazione omero; fermo 3"" in max stretch; ",https://www.youtube.com/watch?v=M_zp4kTbWtY&list=PL2OC9xrmbse-YqQ6nxQ1meEaE7YIk6uZD&index=41,A,Spinta orizzontale,,,0.3,,,,,1,,,0.5,,,,
Panca Inclinata Manubri 45°,"fermo 1"" in max stretch; discesa 3""; 3""/3""; focus respiro e rotazione omero; fermo 3"" in max stretch; ",,A,Spinta orizzontale,,,0.5,,,,,1,,,0.5,,,,
Panca Inclinata Manubri 30°,"fermo 1"" in max stretch; discesa 3""; 3""/3""; focus respiro e rotazione omero; fermo 3"" in max stretch; ",,A,Spinta orizzontale,,,0.5,,,,,1,,,0.5,,,,
Croci Manubri 45°,"fermo 1"" in max stretch; discesa 3""; 3""/3""; focus respiro e rotazione omero; fermo 3"" in max stretch; ",,A,Spinta orizzontale,,,,,,,,1,,,,,,,
Croci Manubri 30°,"fermo 1"" in max stretch; discesa 3""; 3""/3""; focus respiro e rotazione omero; fermo 3"" in max stretch; ",https://www.youtube.com/watch?v=Aq5EwC31mck&list=PL2OC9xrmbse-YqQ6nxQ1meEaE7YIk6uZD&index=19,A,Spinta orizzontale,,,,,,,,1,,,,,,,
Croci al cavo dall'alto,"fermo 1"" in max stretch; discesa 3""; 3""/3""; focus respiro e rotazione omero; fermo 3"" in max stretch; ",,A,Spinta orizzontale,,,,,,,,1,,,,,,,
Croci al cavo altezza spalle,"fermo 1"" in max stretch; discesa 3""; 3""/3""; focus respiro e rotazione omero; fermo 3"" in max stretch; ",,A,Spinta orizzontale,,,,,,,,1,,,,,,,
Chest Press Stretta,"fermo 1"" in max stretch; discesa 3""; 3""/3""; focus respiro e rotazione omero; fermo 3"" in max stretch; ",,A,Spinta orizzontale,,,0.5,,,,,1,,,0.5,,,,
Dip ,"fermo 1"" al parallelo; fermo 1"" poco sotto il parallo; fino sotto parallelo; deloading; overloading; salita 3""; discesa 3""; doppio fermo 2"" in discesa ",,F,Spinta orizzontale,,,0.5,,,,,1,,,1,,,,
Dip Assistite Elastico,"fermo 1"" in max stretch; discesa 3""; 3""/3""; focus respiro e rotazione omero; fermo 3"" in max stretch; ",,A,Spinta orizzontale,,,0.5,,,,,1,,,1,,,,
Dip Assistite Piedi,"fermo 1"" in max stretch; discesa 3""; 3""/3""; focus respiro e rotazione omero; fermo 3"" in max stretch; ",https://www.youtube.com/watch?v=OlbMBFhEXSU&list=PL2OC9xrmbse-LqDvZBuPkZhWDqN4y8I-w&index=18,A,Spinta orizzontale,,,0.5,,,,,1,,,1,,,,
Panca Piana Multipower,"fermo 1"" in max stretch; discesa 3""; 3""/3""; focus respiro e rotazione omero; fermo 3"" in max stretch; ",,A,Spinta orizzontale,,,0.3,,,,,1,,,0.5,,,,
Panca Inclinata Multipower,"fermo 1"" in max stretch; discesa 3""; 3""/3""; focus respiro e rotazione omero; fermo 3"" in max stretch; ",,A,Spinta orizzontale,,,0.5,,,,,1,,,0.5,,,,
Piegamenti Assititi con elastico,"fermo 1"" in max stretch; discesa 3""; 3""/3""; focus respiro e rotazione omero; fermo 3"" in max stretch; ",,A,Spinta orizzontale,,,0.3,,,,,1,,,0.5,,,,
Piegamenti mani su rialzo,"fermo 1"" in max stretch; discesa 3""; 3""/3""; focus respiro e rotazione omero; fermo 3"" in max stretch; ",https://www.youtube.com/watch?v=7PbWb6FFj7o&list=PL2OC9xrmbse-LqDvZBuPkZhWDqN4y8I-w&index=26,A,Spinta orizzontale,,,0.3,,,,,1,,,0.5,,,,
Piegamenti,"fermo 1"" in max stretch; discesa 3""; 3""/3""; focus respiro e rotazione omero; fermo 3"" in max stretch; ",https://www.youtube.com/watch?v=FTE_OwNAGNQ&list=PL2OC9xrmbse-LqDvZBuPkZhWDqN4y8I-w&index=38,A,Spinta orizzontale,,,0.3,,,,,1,,,0.5,,,,
Piegamenti extra rom,"fermo 1"" in max stretch; discesa 3""; 3""/3""; focus respiro e rotazione omero; fermo 3"" in max stretch; ",,A,Spinta orizzontale,,,0.3,,,,,1,,,0.5,,,,
Piegamenti Zavorrati,"fermo 1"" in max stretch; discesa 3""; 3""/3""; focus respiro e rotazione omero; fermo 3"" in max stretch; ",,A,Spinta orizzontale,,,0.3,,,,,1,,,0.5,,,,
Military Press,"discesa 3""; salita esplosiva; caos 50%; full caos; pin; loading; ",https://www.youtube.com/watch?v=k4y09R25b5c&list=PL2OC9xrmbse-LqDvZBuPkZhWDqN4y8I-w&index=39,F,Spinta verticale,,0.3,1,,0.3,,,,,,,1,,,
Military Press Multipower,"discesa 3""; salita esplosiva; caos 50%; full caos; pin; loading; ",,A,Spinta verticale,,0.3,1,,0.3,,,,,,,1,,,
Military Press Cambered,"discesa 3""; salita esplosiva; caos 50%; full caos; pin; loading; ",,A,Spinta verticale,,0.3,1,,0.3,,,,,,,1,,,
Lento Avanti Manubri,"discesa 3""; fermo 1"" in basso; 3""/3""; largo;",https://www.youtube.com/watch?v=nn4BIHnZIwA&list=PL2OC9xrmbse-YqQ6nxQ1meEaE7YIk6uZD&index=23,A,Spinta verticale,,0.3,1,,0.3,,,,,,,1,,,
Shoulder Press Stretta,"discesa 3""; deadstop in basso; discesa controllata; salita esplosiva",https://www.youtube.com/watch?v=GwADCsapKiM&list=PL2OC9xrmbse-YqQ6nxQ1meEaE7YIk6uZD&index=30,A,Spinta verticale,,,1,,0.3,,,,,,,1,,,
Shoulder Press Larga,"discesa 3""; deadstop in basso; discesa controllata; salita esplosiva",https://www.youtube.com/watch?v=GwADCsapKiM&list=PL2OC9xrmbse-YqQ6nxQ1meEaE7YIk6uZD&index=30,A,Spinta verticale,,,1,,1,,,,,,,1,,,
Alzate Laterali in piedi,"1"" in contrazione di picco; 2"" in contrazione di picco; 3"" in contrazione di picco; cheating; isometria;",https://www.youtube.com/watch?v=D7jNnWf2ErM&list=PL2OC9xrmbse-YqQ6nxQ1meEaE7YIk6uZD&index=60,A,Spinta verticale,,,,,1,,,,,,,,,,
Alzate Laterali al cavo,"1"" in contrazione di picco; 2"" in contrazione di picco; 3"" in contrazione di picco; cheating; isometria;",,A,Spinta verticale,,,,,1,,,,,,,,,,
Alzate monolaterali panca 30°,"1"" in contrazione di picco; 2"" in contrazione di picco; 3"" in contrazione di picco; cheating; isometria;",https://www.youtube.com/watch?v=Ep0Gm8EHYSU&list=PL2OC9xrmbse-YqQ6nxQ1meEaE7YIk6uZD&index=17,A,Spinta verticale,,,,,1,,,,,,,,,,
Alzate laterali chest supported,"1"" in contrazione di picco; 2"" in contrazione di picco; 3"" in contrazione di picco; cheating; isometria;",https://www.youtube.com/watch?v=ojn09mq756A&list=PL2OC9xrmbse-LqDvZBuPkZhWDqN4y8I-w&index=43,A,Spinta verticale,,,,,1,,,,,,,,,,
Alzate laterali deadstop a terra,"1"" in contrazione di picco; 2"" in contrazione di picco; 3"" in contrazione di picco; cheating; isometria;",https://www.youtube.com/watch?v=ysesCFRdcgI&list=PL2OC9xrmbse-LqDvZBuPkZhWDqN4y8I-w&index=44,A,Spinta verticale,,,,,1,,,,,,,,,,
Handstand push up,"discesa 3""; fermo 1"" in basso; 3""/3""; largo;",,A,Spinta verticale,,0.3,1,,0.3,,,,,,,1,,,
Trazioni Presa Prona,"dealoading; facilitate con elastico; loading ; focus dorsale; focus scapolare; fermo 2"" alla fronte salita  3""; salita 3"" alla fonte; discesa 5"";",https://www.youtube.com/watch?v=q5jLgD_5gU4&list=PL2OC9xrmbse-LqDvZBuPkZhWDqN4y8I-w&index=41,A,Tirata verticale,0.5,,,0.3,,,,,,,0.5,,,,1
Trazioni Presa Supina,"dealoading; facilitate con elastico; loading ; focus dorsale; focus scapolare; fermo 2"" alla fronte salita  3""; salita 3"" alla fonte; discesa 5"";",https://www.youtube.com/watch?v=q5jLgD_5gU4&list=PL2OC9xrmbse-LqDvZBuPkZhWDqN4y8I-w&index=42,A,Tirata verticale,0.5,,,,,,,,,,0.5,,,,1
Trazioni Presa Neutra Stretta,"dealoading; facilitate con elastico; loading ; focus dorsale; focus scapolare; fermo 2"" alla fronte salita  3""; salita 3"" alla fonte; discesa 5"";",https://www.youtube.com/watch?v=q5jLgD_5gU4&list=PL2OC9xrmbse-LqDvZBuPkZhWDqN4y8I-w&index=43,A,Tirata verticale,0.5,,,,,,,,,,0.5,,,,1
Trazioni Presa Neutra Larga,"dealoading; facilitate con elastico; loading ; focus dorsale; focus scapolare; fermo 2"" alla fronte salita  3""; salita 3"" alla fonte; discesa 5"";",https://www.youtube.com/watch?v=q5jLgD_5gU4&list=PL2OC9xrmbse-LqDvZBuPkZhWDqN4y8I-w&index=44,A,Tirata verticale,0.5,,,0.3,,,,,,,0.5,,,,1
Trazioni Anelli,"dealoading; facilitate con elastico; loading ; focus dorsale; focus scapolare; fermo 2"" alla fronte salita  3""; salita 3"" alla fonte; discesa 5"";",,A,Tirata verticale,0.5,,,,,,,,,,0.5,,,,1
Lat machine Supina,"fermo 1"" in basso; fermo 2"" in basso; risalita 3""; discesa 3""; focus dorso; focus scapola;",https://www.youtube.com/watch?v=B_n5uMLxDk0&list=PL2OC9xrmbse-LqDvZBuPkZhWDqN4y8I-w&index=11,A,Tirata verticale,0.5,,,,,,,,,,0.5,,,,1
Lat Machine Prona,"fermo 1"" in basso; fermo 2"" in basso; risalita 3""; discesa 3""; focus dorso; focus scapola;",https://www.youtube.com/watch?v=dQYWf_16Yuk&list=PL2OC9xrmbse-LqDvZBuPkZhWDqN4y8I-w&index=4,A,Tirata verticale,0.5,,,0.3,,,,,,,0.5,,,,1
Lat Machine triangolo stretto,"fermo 1"" in basso; fermo 2"" in basso; risalita 3""; discesa 3""; focus dorso; focus scapola;",https://www.youtube.com/watch?v=55sIABvQuy8&list=PL2OC9xrmbse-LqDvZBuPkZhWDqN4y8I-w&index=3,A,Tirata verticale,0.5,,,,,,,,,,0.5,,,,1
Lat Machine Triangolo largo,"fermo 1"" in basso; fermo 2"" in basso; risalita 3""; discesa 3""; focus dorso; focus scapola;",https://www.youtube.com/watch?v=dQYWf_16Yuk&list=PL2OC9xrmbse-LqDvZBuPkZhWDqN4y8I-w&index=4,A,Tirata verticale,0.5,,,0.3,,,,,,,0.5,,,,1
Lat Machine monolaterale in ginocchio,"fermo 1"" in basso; fermo 2"" in basso; risalita 3""; discesa 3""; focus dorso; focus scapola;",https://www.youtube.com/watch?v=uIHw2OGVN5w&list=PL2OC9xrmbse-LqDvZBuPkZhWDqN4y8I-w&index=12,A,Tirata verticale,0.5,,,,,,,,,,0.5,,,,1
Pulldown corda,"eccentrica 3""; 2"" in max stretch",,A,Tirata verticale,,,,,,,,,,,0.5,,,,1
Pulldown barra,"eccentrica 3""; 2"" in max stretch",,A,Tirata verticale,,,,,,,,,,,0.5,,,,1
Pulley Triangolo,"fermo 1"" dietro; fermo 3"" dietro; eccentrica 3""; focus dorso; ",https://www.youtube.com/watch?v=DFZ5iuxFBsU&list=PL2OC9xrmbse-YqQ6nxQ1meEaE7YIk6uZD&index=26,A,Tirata orizzontale,0.5,,,0.3,,,,,,,0.5,,,,1
Pulley Presa larga e neutra,"fermo 1"" dietro; fermo 3"" dietro; eccentrica 3""; prono su panca 30°;",https://www.youtube.com/watch?v=YQB1KxnbR-E&list=PL2OC9xrmbse-YqQ6nxQ1meEaE7YIk6uZD&index=27,A,Tirata orizzontale,0.5,,,0.5,,,,,,,1,,,,0.5
Pulley presa supina larga,"fermo 1"" dietro; fermo 3"" dietro; eccentrica 3""; prono su panca 30°;",https://www.youtube.com/watch?v=YQB1KxnbR-E&list=PL2OC9xrmbse-YqQ6nxQ1meEaE7YIk6uZD&index=27,A,Tirata orizzontale,0.5,,,0.5,,,,,,,1,,,,0.5
Pulley presa prona larga,"fermo 1"" dietro; fermo 3"" dietro; eccentrica 3""; prono su panca 30°;",,A,Tirata orizzontale,0.5,,,0.5,,,,,,,1,,,,0.5
Pulley monolaterale al cavo scapola,"fermo 1"" dietro; fermo 3"" dietro; eccentrica 3""; prono su panca 30°; focus scapola; focus dorsale",https://www.youtube.com/watch?v=FQXewTToH7w&list=PL2OC9xrmbse-YqQ6nxQ1meEaE7YIk6uZD&index=34,A,Tirata orizzontale,0.5,,,0.3,,,,,,,0.5,,,,1
Pulley monolaterale al cavo dorso,"fermo 1"" dietro; fermo 3"" dietro; eccentrica 3""; prono su panca 30°; focus scapola; focus dorsale",https://www.youtube.com/watch?v=na1XC1Pebdk&list=PL2OC9xrmbse-YqQ6nxQ1meEaE7YIk6uZD&index=35,A,Tirata orizzontale,0.5,,,0.3,,,,,,,0.5,,,,1
Pulley monolaterale seduto su panca,"fermo 1"" dietro; fermo 3"" dietro; eccentrica 3""; prono su panca 30°; focus scapola; focus dorsale",,A,Tirata orizzontale,0.5,,,0.3,,,,,,,0.5,,,,1
Row machine presa neutra,"fermo 1"" dietro; fermo 3"" dietro; eccentrica 3""; focus dorso; ",https://www.youtube.com/watch?v=Jp7DGx6WMyg&list=PL2OC9xrmbse-YqQ6nxQ1meEaE7YIk6uZD&index=3,A,Tirata orizzontale,0.5,,,0.3,,,,,,,0.5,,,,1
Row machine presa prona,"fermo 1"" dietro; fermo 3"" dietro; eccentrica 3""; focus dorso; ",https://www.youtube.com/watch?v=3LKBxrFUhnk&list=PL2OC9xrmbse-YqQ6nxQ1meEaE7YIk6uZD&index=4,A,Tirata orizzontale,0.5,,,0.5,,,,,,,1,,,,0.5
Row machine monolaterale,"fermo 1"" dietro; fermo 3"" dietro; eccentrica 3""; prono su panca 30°; focus scapola; focus dorsale",https://www.youtube.com/watch?v=HftOl1lnUmI&list=PL2OC9xrmbse-YqQ6nxQ1meEaE7YIk6uZD&index=5,A,Tirata orizzontale,0.5,,,0.3,,,,,,,0.5,,,,1
Rematore Manubrio,"fermo 1"" dietro; fermo 3"" dietro; eccentrica 3""; prono su panca 30°; focus scapola; focus dorsale",https://www.youtube.com/watch?v=xQ4YV7rh7tY&list=PL2OC9xrmbse-YqQ6nxQ1meEaE7YIk6uZD&index=57,A,Tirata orizzontale,0.5,,,0.3,,,,,,,0.5,,,,1
Rematore Bilanciere,"fermo 1"" in alto; dai pin; deadstop a terra; salita esplosiva; cheating",https://www.youtube.com/watch?v=tqyDadNQ9Mw&list=PL2OC9xrmbse-LqDvZBuPkZhWDqN4y8I-w&index=35,A,Tirata orizzontale,0.5,,,0.3,,,,,,,1,,,,1
Rematore Multipower,"fermo 1"" in alto; dai pin; deadstop a terra; salita esplosiva; cheating",,A,Tirata orizzontale,0.5,,,0.3,,,,,,,1,,,,1
Rematore Belt Squat,"fermo 1"" in alto; dai pin; deadstop a terra; salita esplosiva; cheating",https://www.youtube.com/watch?v=0a5ZLtkfHI4&list=PL2OC9xrmbse-YqQ6nxQ1meEaE7YIk6uZD&index=7,A,Tirata orizzontale,0.5,,,0.3,,,,,,,1,,,,1
T-Bar row,"fermo 1"" dietro; fermo 3"" dietro; eccentrica 3""; focus dorso; ",,A,Tirata orizzontale,0.5,,,0.3,,,,,,,1,,,,1
Seal Row Manubri panca 30°,"fermo 1"" dietro; fermo 3"" dietro; eccentrica 3""; focus dorso; ",https://www.youtube.com/watch?v=ePUvdmQSHPY&list=PL2OC9xrmbse-YqQ6nxQ1meEaE7YIk6uZD&index=25,A,Tirata orizzontale,0.5,,,0.3,,,,,,,1,,,,1
Seal Row Bilanciere,"fermo 1"" dietro; fermo 3"" dietro; eccentrica 3""; focus dorso; ",,A,Tirata orizzontale,0.5,,,0.3,,,,,,,1,,,,1
Australian Pulp Up,"fermo 1"" dietro; fermo 3"" dietro; eccentrica 3""; focus dorso; ",,A,Tirata orizzontale,0.5,,,0.3,,,,,,,1,,,,1
Illiac Pulldown,"2"" in contrazione di picco; eccentrica 3""",,A,Tirata orizzontale,0.5,,,,,,,,,,,,,,1
Alzate posteriori panca 30°,"1"" in contrazione di picco; eccentrica controllata",https://www.youtube.com/watch?v=v9klvEx_Cb8&list=PL2OC9xrmbse-YqQ6nxQ1meEaE7YIk6uZD&index=15,A,Tirata orizzontale,,,,1,,,,,,,,,,,
Alzate posteriori cavo alto,"1"" in contrazione di picco; eccentrica controllata",,A,Tirata orizzontale,,,,1,,,,,,,,,,,
Azlate posteriori cavo alto mono,"1"" in contrazione di picco; eccentrica controllata",,A,Tirata orizzontale,,,,1,,,,,,,,,,,
Face Pull Centro Schiena,"1"" in contrazione di picco; eccentrica controllata",,A,Tirata orizzontale,,,,1,,,,,,,,,,,
Face pull Extrarotatori ,"1"" in contrazione di picco; eccentrica controllata",,A,Tirata orizzontale,,,,1,,,,,,,,,,,
Pullower Manubrio,"1"" in contrazione di picco; eccentrica controllata",,A,Tirata orizzontale,,,,1,,,,,,,,,,,
Curl manubri ,"1"" in contraizione di picco; discesa 3""; salita 3""; 3""/3""; cheating ",https://www.youtube.com/watch?v=c1QD7XhA0yw&list=PL2OC9xrmbse-YqQ6nxQ1meEaE7YIk6uZD&index=62,A,Bicipiti ,1,,,,,,,,,,,,,,
Hammer Curl ,"1"" in contraizione di picco; discesa 3""; salita 3""; 3""/3""; cheating ",https://www.youtube.com/watch?v=9jjcPYyjAz0&list=PL2OC9xrmbse-YqQ6nxQ1meEaE7YIk6uZD&index=10,A,Bicipiti ,1,,,,,,,,,,,,,,
Preacher Curl,"1"" in contraizione di picco; discesa 3""; salita 3""; 3""/3""; cheating ",,A,Bicipiti ,1,,,,,,,,,,,,,,
Curl Bilanciere ez,"1"" in contraizione di picco; discesa 3""; salita 3""; 3""/3""; cheating ",https://www.youtube.com/watch?v=c1QD7XhA0yw&list=PL2OC9xrmbse-YqQ6nxQ1meEaE7YIk6uZD&index=62,A,Bicipiti ,1,,,,,,,,,,,,,,
Curl cavo basso barra,"1"" in contraizione di picco; discesa 3""; salita 3""; 3""/3""; cheating ",https://www.youtube.com/watch?v=TaN5jwwjtdY&list=PL2OC9xrmbse-YqQ6nxQ1meEaE7YIk6uZD&index=13,A,Bicipiti ,1,,,,,,,,,,,,,,
Curl cavo basso corda,"1"" in contraizione di picco; discesa 3""; salita 3""; 3""/3""; cheating ",https://www.youtube.com/watch?v=GKCjC859GEo&list=PL2OC9xrmbse-YqQ6nxQ1meEaE7YIk6uZD,A,Bicipiti ,1,,,,,,,,,,,,,,
Curl cavo basso maniglia,"1"" in contraizione di picco; discesa 3""; salita 3""; 3""/3""; cheating ",,A,Bicipiti ,1,,,,,,,,,,,,,,
Curl manubri su panca inclinata 45°,"1"" in contraizione di picco; discesa 3""; salita 3""; 3""/3""; cheating ",https://www.youtube.com/watch?v=UYgpKw4K8QU&list=PL2OC9xrmbse-YqQ6nxQ1meEaE7YIk6uZD&index=12,A,Bicipiti ,1,,,,,,,,,,,,,,
Scott Curl monolaterale su panca,"1"" in contraizione di picco; discesa 3""; salita 3""; 3""/3""; cheating ",https://www.youtube.com/watch?v=tNC0SM6yZzg&list=PL2OC9xrmbse-YqQ6nxQ1meEaE7YIk6uZD&index=11,A,Bicipiti ,1,,,,,,,,,,,,,,
Curl concentrato gomito su coscia,"1"" in contraizione di picco; discesa 3""; salita 3""; 3""/3""; cheating ",,A,Bicipiti ,1,,,,,,,,,,,,,,
Bayesian Curl,"1"" in contraizione di picco; discesa 3""; salita 3""; 3""/3""; cheating ",https://www.youtube.com/watch?v=A5ZRxFuZw_E&list=PL2OC9xrmbse-YqQ6nxQ1meEaE7YIk6uZD&index=16,A,Bicipiti ,1,,,,,,,,,,,,,,
Curl al cavo disteso su panca ,"1"" in contraizione di picco; discesa 3""; salita 3""; 3""/3""; cheating ",,A,Bicipiti ,1,,,,,,,,,,,,,,
Curl gomito al ghd focus allungamento,"1"" in contraizione di picco; discesa 3""; salita 3""; 3""/3""; cheating ",,A,Bicipiti ,1,,,,,,,,,,,,,,
Curl gomito vincolato,"1"" in contraizione di picco; discesa 3""; salita 3""; 3""/3""; cheating ",,A,Bicipiti ,1,,,,,,,,,,,,,,
Push Down Barra,"1"" in contrazione di picco; risalita 3""; cheating",https://www.youtube.com/watch?v=WZVDehaYgHs&list=PL2OC9xrmbse-YqQ6nxQ1meEaE7YIk6uZD&index=9,A,Tricipiti,,,,,,,,,,,,1,,,
Push Down Corda,"1"" in contrazione di picco; risalita 3""; cheating",https://www.youtube.com/watch?v=Jl5VyIBIXYE&list=PL2OC9xrmbse-YqQ6nxQ1meEaE7YIk6uZD&index=8,A,Tricipiti,,,,,,,,,,,,1,,,
French Press Manubri,"1"" in max stretch; discesa 3"";",https://www.youtube.com/watch?v=zrLNRGAHAso&list=PL2OC9xrmbse-YqQ6nxQ1meEaE7YIk6uZD&index=61,A,Tricipiti,,,,,,,,,,,,1,,,
French Press Bilanciere Ez,"1"" in max stretch; discesa 3"";",,A,Tricipiti,,,,,,,,,,,,1,,,
Push Down Reverse,"1"" in contrazione di picco; risalita 3""; cheating",https://www.youtube.com/watch?v=fiDnDRCzHCg&list=PL2OC9xrmbse-YqQ6nxQ1meEaE7YIk6uZD&index=6,A,Tricipiti,,,,,,,,,,,,1,,,
Push Down monolaterale ,"1"" in contrazione di picco; risalita 3""; cheating",,A,Tricipiti,,,,,,,,,,,,1,,,
French Press monolaterale,"1"" in max stretch; discesa 3"";",,A,Tricipiti,,,,,,,,,,,,1,,,
Katana Press,"1"" in max stretch; discesa 3"";",https://www.youtube.com/watch?v=ARKc4PPXr8A&list=PL2OC9xrmbse-LqDvZBuPkZhWDqN4y8I-w&index=47,A,Tricipiti,,,,,,,,,,,,1,,,
French Press cavo altezza spalle,"1"" in max stretch; discesa 3"";",https://www.youtube.com/watch?v=hlooPVEJHw4&list=PL2OC9xrmbse-LqDvZBuPkZhWDqN4y8I-w&index=46,A,Tricipiti,,,,,,,,,,,,1,,,
French Press Gomito vincolato,"1"" in max stretch; discesa 3"";",,A,Tricipiti,,,,,,,,,,,,1,,,
Jm Press,"1"" in max stretch; discesa 3"";",,A,Tricipiti,,,,,,,,,,,,1,,,
Tate Press,"1"" in max stretch; discesa 3"";",,A,Tricipiti,,,,,,,,,,,,1,,,
JM press multipower,"1"" in max stretch; discesa 3"";",,A,Tricipiti,,,,,,,,,,,,1,,,
Panca Board alta e presa stretta,"fermo 1"" petto; laoding;",,A,Tricipiti,,,,,,,,,,,,1,,,
Plank in quadreupedia,"eccentrica lenta; 1"" in contrazione di picco",,A,Core,,1,,,,,,,,,,,,,
Plank sui gomiti,"eccentrica lenta; 1"" in contrazione di picco",,A,Core,,1,,,,,,,,,,,,,
Plank Laterale,"eccentrica lenta; 1"" in contrazione di picco",,A,Core,,1,,,,,,,,,,,,,
Plank laterale piedi al trx,"eccentrica lenta; 1"" in contrazione di picco",,A,Core,,1,,,,,,,,,,,,,
Barchetta raccolta,"eccentrica lenta; 1"" in contrazione di picco",,A,Core,,1,,,,,,,,,,,,,
Barchetta full,"eccentrica lenta; 1"" in contrazione di picco",,A,Core,,1,,,,,,,,,,,,,
Bird Dog plank iso,"eccentrica lenta; 1"" in contrazione di picco",,A,Core,,1,,,,,,,,,,,,,
Dead Bug libero,"eccentrica lenta; 1"" in contrazione di picco",,A,Core,,1,,,,,,,,,,,,,
Dead Bug palla,"eccentrica lenta; 1"" in contrazione di picco",,A,Core,,1,,,,,,,,,,,,,
Suitcase Carry ktb,"eccentrica lenta; 1"" in contrazione di picco",,A,Core,,1,,,,,,,,,,,,,
Chop,"eccentrica lenta; 1"" in contrazione di picco",,A,Core,,1,,,,,,,,,,,,,
Wood Chop,"eccentrica lenta; 1"" in contrazione di picco",,A,Core,,1,,,,,,,,,,,,,
Plank zavorrato,"eccentrica lenta; 1"" in contrazione di picco",,A,Core,,1,,,,,,,,,,,,,
Crunch al cavo,"eccentrica lenta; 1"" in contrazione di picco",https://www.youtube.com/watch?v=3hCzEVCNl00&list=PL2OC9xrmbse-YqQ6nxQ1meEaE7YIk6uZD&index=14,A,Core,,1,,,,,,,,,,,,,
Crunch a terra,"eccentrica lenta; 1"" in contrazione di picco",,A,Core,,1,,,,,,,,,,,,,
Crunch ghd,"eccentrica lenta; 1"" in contrazione di picco",,A,Core,,1,,,,,,,,,,,,,
Side Bending ,"eccentrica lenta; 1"" in contrazione di picco",,A,Core,,1,,,,,,,,,,,,,
Plank dinamico,"eccentrica lenta; 1"" in contrazione di picco",,A,Core,,1,,,,,,,,,,,,,
Bear walk,"eccentrica lenta; 1"" in contrazione di picco",,A,Core,,1,,,,,,,,,,,,,
Leg raise,"eccentrica lenta; 1"" in contrazione di picco",,A,Core,,1,,,,,,,,,,,,,
Abductor machine seduto,"1"" in contrazione di picco; 3"" in contrazione di picco",https://www.youtube.com/watch?v=xZLXdGMMT9c&list=PL2OC9xrmbse-YqQ6nxQ1meEaE7YIk6uZD&index=43,A,Hip Hinge,,,,,,,1,,,,,,,,
Abductor machine sedere alzato,"1"" in contrazione di picco; 3"" in contrazione di picco",,A,Hip Hinge,,,,,,,1,,,,,,,,
Abduzione classica al cavo basso,"1"" in contrazione di picco; 3"" in contrazione di picco",,A,Hip Hinge,,,,,,,1,,,,,,,,
Abdzuione ibrida al cavo basso,"1"" in contrazione di picco; 3"" in contrazione di picco",,A,Hip Hinge,,,,,,,1,,,,,,,,
Slancio gamba semitesa cavo,"1"" in contrazione di picco; 3"" in contrazione di picco",,A,Hip Hinge,,,,,,,1,,,,,,,,
Slancio gamba piegata,"1"" in contrazione di picco; 3"" in contrazione di picco",,A,Hip Hinge,,,,,,,1,,,,,,,,
Hip Airplane zavorrato,"2"" in stretch",,A,Hip Hinge,,,,,,,1,,,,,,,,
Estensione Anca in quadrupedia su panca,"1"" in contrazione di picco; 3"" in contrazione di picco",,A,Hip Hinge,,,,,,,1,,,,,,,,
Estensione anca sdraiata a terra,"1"" in contrazione di picco; 3"" in contrazione di picco",,A,Hip Hinge,,,,,,,1,,,,,,,,
Rotazione anca cavo ,"1"" in contrazione di picco; 3"" in contrazione di picco",,A,Hip Hinge,,,,,,,1,,,,,,,,
Kick Back multipower,"1"" in contrazione di picco; 3"" in contrazione di picco",,A,Hip Hinge,,,,,,,1,,,,,,,,
Frog pump,"1"" in contrazione di picco; 3"" in contrazione di picco",,A,Hip Hinge,,,,,,,1,,,,,,,,
Step up,"1"" in contrazione di picco; 3"" in contrazione di picco; eccentrica 3""; ",,A,Hip Hinge,,,,,,,1,,,,,,,,
Sumo deadlift full rom ktb,"eccentrica 5""; eccentrica 3""",,A,Hip Hinge,,,,,,,1,,,,,,,,
